{"stat.walkOneCm":2476,"stat.craftItem.minecraft.planks":16,"stat.craftItem.minecraft.stone_axe":1,"stat.leaveGame":1,"stat.pickup.minecraft.crafting_table":1,"stat.mineBlock.minecraft.crafting_table":1,"stat.craftItem.minecraft.crafting_table":1,"stat.craftItem.minecraft.stone_pickaxe":1,"stat.useItem.minecraft.wooden_pickaxe":12,"stat.pickup.minecraft.cobblestone":12,"stat.mineBlock.minecraft.log":4,"stat.pickup.minecraft.log":4,"stat.flyOneCm":3780,"stat.jump":32,"stat.playOneMinute":3086,"stat.fallOneCm":209,"stat.sneakTime":476,"stat.useItem.minecraft.stone_axe":1,"stat.crouchOneCm":559,"stat.timeSinceDeath":3086,"stat.pickup.minecraft.dirt":4,"stat.useItem.minecraft.dirt":3,"stat.mineBlock.minecraft.dirt":4,"stat.sprintOneCm":2798,"stat.useItem.minecraft.stone_slab2":2,"stat.craftItem.minecraft.wooden_pickaxe":1,"stat.mineBlock.minecraft.stone":12,"stat.craftItem.minecraft.stick":12,"stat.craftingTableInteraction":3}