{"stats":{"minecraft:used":{"alexscaves:subterranodon_egg":10,"minecraft:smooth_basalt":5,"minecraft:amethyst_block":1,"iceandfire:silver_sword":29,"untamedwilds:material_fat":2,"iceandfire:spawn_egg_sea_serpent":1},"minecraft:picked_up":{"untamedwilds:food_bear_raw":2,"minecraft:stick":5,"minecraft:bone":7,"iceandfire:sea_serpent_scales_purple":11,"minecraft:rotten_flesh":2,"untamedwilds:material_fat":3,"untamedwilds:hide_ashen":5},"minecraft:killed":{"untamedwilds:bear":2,"iceandfire:sea_serpent":1},"minecraft:custom":{"minecraft:time_since_rest":7246,"minecraft:crouch_one_cm":35,"minecraft:sprint_one_cm":20130,"minecraft:play_time":7246,"minecraft:walk_one_cm":7878,"minecraft:sneak_time":161,"minecraft:walk_under_water_one_cm":4434,"minecraft:mob_kills":4,"minecraft:jump":196,"minecraft:damage_dealt":1781,"minecraft:leave_game":2,"minecraft:time_since_death":7246,"minecraft:walk_on_water_one_cm":1266,"minecraft:total_world_time":7246,"minecraft:swim_one_cm":98,"minecraft:fall_one_cm":209,"minecraft:fly_one_cm":74721}},"DataVersion":3465}