{"stats":{"minecraft:mined":{"minecraft:iron_ore":3,"minecraft:crafting_table":1,"minecraft:coal_ore":1,"minecraft:grass_block":1,"minecraft:oak_log":4,"minecraft:stone":6,"minecraft:oak_leaves":4},"minecraft:killed_by":{"minecraft:zombie_villager":1},"minecraft:used":{"minecraft:wooden_axe":13,"minecraft:stone_pickaxe":4,"minecraft:wooden_pickaxe":6,"minecraft:dirt":1,"minecraft:beef":1,"minecraft:crafting_table":2},"minecraft:custom":{"minecraft:time_since_rest":468,"minecraft:sprint_one_cm":25005,"minecraft:damage_taken":210,"minecraft:walk_one_cm":4855,"minecraft:mob_kills":10,"minecraft:drop":3,"minecraft:damage_dealt":960,"minecraft:interact_with_crafting_table":2,"minecraft:fly_one_cm":24215,"minecraft:crouch_one_cm":1190,"minecraft:play_time":8568,"minecraft:deaths":1,"minecraft:sneak_time":453,"minecraft:jump":123,"minecraft:leave_game":1,"minecraft:time_since_death":445,"minecraft:walk_on_water_one_cm":288,"minecraft:total_world_time":8568,"minecraft:fall_one_cm":3858},"minecraft:dropped":{"minecraft:wooden_axe":1,"minecraft:wooden_pickaxe":2},"minecraft:crafted":{"minecraft:oak_planks":16,"minecraft:crafting_table":1,"minecraft:stick":8,"minecraft:wooden_pickaxe":1,"minecraft:stone_pickaxe":1,"minecraft:wooden_axe":1,"minecraft:stone_axe":1},"minecraft:picked_up":{"minecraft:wooden_axe":1,"minecraft:crafting_table":1,"minecraft:raw_iron":3,"minecraft:leather":6,"minecraft:wooden_pickaxe":2,"minecraft:oak_log":4,"minecraft:dirt":1,"minecraft:beef":18,"minecraft:mutton":3,"minecraft:white_wool":2,"minecraft:cobblestone":6},"minecraft:killed":{"minecraft:sheep":2,"minecraft:cow":8}},"DataVersion":3953}