{"stats":{"minecraft:mined":{"minecraft:grass_block":1},"minecraft:picked_up":{"minecraft:dirt":1},"minecraft:custom":{"minecraft:jump":40,"minecraft:time_since_rest":1912,"minecraft:leave_game":1,"minecraft:crouch_one_cm":2146,"minecraft:sprint_one_cm":262,"minecraft:play_time":1912,"minecraft:time_since_death":1912,"minecraft:walk_one_cm":12498,"minecraft:sneak_time":296,"minecraft:total_world_time":1912,"minecraft:fall_one_cm":1045,"minecraft:fly_one_cm":104},"minecraft:used":{"minecraft:dirt":1}},"DataVersion":3955}