{"stats":{"minecraft:mined":{"minecraft:iron_ore":10,"minecraft:birch_log":6,"minecraft:birch_leaves":1,"minecraft:crafting_table":1,"minecraft:short_grass":3,"minecraft:coal_ore":9,"minecraft:grass_block":4,"minecraft:oak_log":36,"minecraft:gravel":3,"minecraft:dirt":6,"minecraft:stone":8,"minecraft:oak_leaves":5},"minecraft:used":{"minecraft:stone_pickaxe":21,"minecraft:wooden_pickaxe":6,"minecraft:gravel":3,"minecraft:rotten_flesh":2,"minecraft:stone_axe":36,"minecraft:dirt":8,"minecraft:crafting_table":1,"minecraft:oak_sapling":3},"minecraft:custom":{"minecraft:time_since_rest":8316,"minecraft:sprint_one_cm":19063,"minecraft:damage_taken":150,"minecraft:walk_one_cm":12661,"minecraft:mob_kills":5,"minecraft:drop":2,"minecraft:damage_dealt":580,"minecraft:fly_one_cm":20476,"minecraft:interact_with_crafting_table":3,"minecraft:crouch_one_cm":3628,"minecraft:play_time":8316,"minecraft:sneak_time":1545,"minecraft:jump":130,"minecraft:leave_game":1,"minecraft:time_since_death":8316,"minecraft:total_world_time":8316,"minecraft:fall_one_cm":3918},"minecraft:dropped":{"minecraft:wooden_axe":1,"minecraft:wooden_pickaxe":1},"minecraft:crafted":{"minecraft:crafting_table":1,"minecraft:stick":20,"minecraft:wooden_pickaxe":1,"minecraft:stone_pickaxe":1,"minecraft:wooden_axe":1,"minecraft:birch_planks":24,"minecraft:stone_axe":1},"minecraft:picked_up":{"minecraft:birch_log":6,"minecraft:raw_iron":10,"minecraft:stick":5,"minecraft:crafting_table":1,"minecraft:wooden_pickaxe":1,"minecraft:gravel":3,"minecraft:porkchop":7,"minecraft:oak_log":36,"minecraft:dirt":10,"minecraft:rotten_flesh":2,"minecraft:oak_sapling":3,"minecraft:mutton":2,"minecraft:coal":9,"minecraft:white_wool":1,"minecraft:cobblestone":8},"minecraft:killed":{"minecraft:sheep":1,"minecraft:zombie":1,"minecraft:pig":3}},"DataVersion":3953}