{"stat.walkOneCm":16155,"stat.useItem.minecraft.egg":32,"stat.leaveGame":12,"stat.pickup.minecraft.arrow":2,"stat.damageTaken":50,"stat.useItem.carryon.entity_item":10,"stat.flyOneCm":107768,"stat.jump":333,"stat.pickup.minecraft.egg":1,"stat.playOneMinute":73342,"stat.fallOneCm":1143,"stat.sneakTime":310,"stat.useItem.minecraft.fire_charge":2,"stat.crouchOneCm":796,"stat.timeSinceDeath":73342,"stat.pickup.minecraft.dirt":6,"stat.sprintOneCm":29467,"stat.mineBlock.minecraft.dirt":6,"stat.useItem.minecraft.stone_slab2":14,"stat.useItem.minecraft.spawn_egg":1,"stat.useItem.minecraft.netherrack":2}