{
  "minecraft:recipes/food/cake": {
    "criteria": {
      "has_egg": "2024-07-29 08:01:46 +0000"
    },
    "done": true
  },
  "minecraft:adventure/adventuring_time": {
    "criteria": {
      "birch_forest": "2024-07-30 09:54:51 +0000",
      "plains": "2024-07-29 07:10:39 +0000",
      "birch_forest_hills": "2024-07-29 07:11:07 +0000",
      "extreme_hills": "2024-07-30 09:55:04 +0000",
      "roofed_forest": "2024-07-30 09:56:11 +0000",
      "river": "2024-07-30 09:56:09 +0000"
    },
    "done": false
  }
}